1,google.com
2,youtube.com
3,tmall.com
4,qq.com
5,baidu.com
6,facebook.com
7,sohu.com
8,login.tmall.com
9,taobao.com
10,yahoo.com
11,360.cn
12,wikipedia.org
13,jd.com
14,amazon.com
15,sina.com.cn
16,weibo.com
17,pages.tmall.com
18,live.com
19,xinhuanet.com
20,okezone.com
21,reddit.com
22,vk.com
23,netflix.com
24,blogspot.com
25,csdn.net
26,office.com
27,alipay.com
28,yahoo.co.jp
29,instagram.com
30,microsoft.com
31,zhanqi.tv
32,stackoverflow.com
33,bongacams.com
34,panda.tv
35,naver.com
36,bing.com
37,google.com.hk
38,twitch.tv
39,livejasmin.com
40,microsoftonline.com
41,google.co.in
42,tribunnews.com
43,china.com.cn
44,mama.cn
45,aliexpress.com
46,ebay.com
47,amazon.co.jp
48,twitter.com
49,myshopify.com
50,msn.com
51,linkedin.com
52,amazon.in
53,tianya.cn
54,yandex.ru
55,adobe.com
56,ok.ru
57,apple.com
58,pornhub.com
59,dropbox.com
60,huanqiu.com
61,mail.ru
62,yy.com
63,wordpress.com
64,google.com.br
65,bilibili.com
66,trello.com
67,google.co.jp
68,chaturbate.com
69,bbc.com
70,detik.com
71,cnn.com
72,medium.com
73,imdb.com
74,aparat.com
75,17ok.com
76,detail.tmall.com
77,nytimes.com
78,savefrom.net
79,amazonaws.com
80,grid.id
81,sogou.com
82,xvideos.com
83,instructure.com
84,indeed.com
85,spotify.com
86,google.cn
87,amazon.de
88,booking.com
89,ettoday.net
90,rakuten.co.jp
91,1688.com
92,amazon.co.uk
93,google.de
94,hao123.com
95,pixnet.net
96,kompas.com
97,github.com
98,jrj.com.cn
99,tumblr.com
100,imgur.com